-- =============================================
-- Script de migración de SQLite a MySQL
-- Generado automáticamente el 2025-11-10 02:34:14
-- Fuente: C:\Users\Personal\Desktop\Unemi\django_face_app\db.sqlite3
-- =============================================

SET NAMES utf8mb4;
SET FOREIGN_KEY_CHECKS = 0;
SET sql_mode = 'NO_AUTO_VALUE_ON_ZERO';
SET AUTOCOMMIT = 0;
START TRANSACTION;


DROP TABLE IF EXISTS `django_migrations`;
CREATE TABLE `django_migrations` (
  `id` INT NOT NULL AUTO_INCREMENT,
  `app` VARCHAR(255) NOT NULL,
  `name` VARCHAR(255) NOT NULL,
  `applied` DATETIME NOT NULL
) ENGINE=InnoDB DEFAULT CHARSET=utf8mb4 COLLATE=utf8mb4_unicode_ci;


DROP TABLE IF EXISTS `django_content_type`;
CREATE TABLE `django_content_type` (
  `id` INT NOT NULL AUTO_INCREMENT,
  `app_label` VARCHAR(100) NOT NULL,
  `model` VARCHAR(100) NOT NULL,
  UNIQUE KEY `django_content_type_app_label_model_76bd3d3b_uniq` (`app_label`, `model`)
) ENGINE=InnoDB DEFAULT CHARSET=utf8mb4 COLLATE=utf8mb4_unicode_ci;


DROP TABLE IF EXISTS `auth_group`;
CREATE TABLE `auth_group` (
  `id` INT NOT NULL AUTO_INCREMENT,
  `name` VARCHAR(150) NOT NULL,
  UNIQUE KEY `sqlite_autoindex_auth_group_1` (`name`)
) ENGINE=InnoDB DEFAULT CHARSET=utf8mb4 COLLATE=utf8mb4_unicode_ci;


DROP TABLE IF EXISTS `auth_permission`;
CREATE TABLE `auth_permission` (
  `id` INT NOT NULL AUTO_INCREMENT,
  `content_type_id` INT NOT NULL,
  `codename` VARCHAR(100) NOT NULL,
  `name` VARCHAR(255) NOT NULL,
  KEY `auth_permission_content_type_id_2f476e4b` (`content_type_id`),
  UNIQUE KEY `auth_permission_content_type_id_codename_01ab375a_uniq` (`content_type_id`, `codename`)
) ENGINE=InnoDB DEFAULT CHARSET=utf8mb4 COLLATE=utf8mb4_unicode_ci;


DROP TABLE IF EXISTS `auth_user`;
CREATE TABLE `auth_user` (
  `id` INT NOT NULL AUTO_INCREMENT,
  `password` VARCHAR(128) NOT NULL,
  `last_login` DATETIME,
  `is_superuser` TEXT NOT NULL,
  `username` VARCHAR(150) NOT NULL,
  `last_name` VARCHAR(150) NOT NULL,
  `email` VARCHAR(254) NOT NULL,
  `is_staff` TEXT NOT NULL,
  `is_active` TEXT NOT NULL,
  `date_joined` DATETIME NOT NULL,
  `first_name` VARCHAR(150) NOT NULL,
  UNIQUE KEY `sqlite_autoindex_auth_user_1` (`username`)
) ENGINE=InnoDB DEFAULT CHARSET=utf8mb4 COLLATE=utf8mb4_unicode_ci;


DROP TABLE IF EXISTS `auth_group_permissions`;
CREATE TABLE `auth_group_permissions` (
  `id` INT NOT NULL AUTO_INCREMENT,
  `group_id` INT NOT NULL,
  `permission_id` INT NOT NULL,
  KEY `auth_group_permissions_permission_id_84c5c92e` (`permission_id`),
  KEY `auth_group_permissions_group_id_b120cbf9` (`group_id`),
  UNIQUE KEY `auth_group_permissions_group_id_permission_id_0cd325b0_uniq` (`group_id`, `permission_id`)
) ENGINE=InnoDB DEFAULT CHARSET=utf8mb4 COLLATE=utf8mb4_unicode_ci;


DROP TABLE IF EXISTS `auth_user_groups`;
CREATE TABLE `auth_user_groups` (
  `id` INT NOT NULL AUTO_INCREMENT,
  `user_id` INT NOT NULL,
  `group_id` INT NOT NULL,
  KEY `auth_user_groups_group_id_97559544` (`group_id`),
  KEY `auth_user_groups_user_id_6a12ed8b` (`user_id`),
  UNIQUE KEY `auth_user_groups_user_id_group_id_94350c0c_uniq` (`user_id`, `group_id`)
) ENGINE=InnoDB DEFAULT CHARSET=utf8mb4 COLLATE=utf8mb4_unicode_ci;


DROP TABLE IF EXISTS `auth_user_user_permissions`;
CREATE TABLE `auth_user_user_permissions` (
  `id` INT NOT NULL AUTO_INCREMENT,
  `user_id` INT NOT NULL,
  `permission_id` INT NOT NULL,
  KEY `auth_user_user_permissions_permission_id_1fbb5f2c` (`permission_id`),
  KEY `auth_user_user_permissions_user_id_a95ead1b` (`user_id`),
  UNIQUE KEY `auth_user_user_permissions_user_id_permission_id_14a6b632_uniq` (`user_id`, `permission_id`)
) ENGINE=InnoDB DEFAULT CHARSET=utf8mb4 COLLATE=utf8mb4_unicode_ci;


DROP TABLE IF EXISTS `django_admin_log`;
CREATE TABLE `django_admin_log` (
  `id` INT NOT NULL AUTO_INCREMENT,
  `object_id` TEXT,
  `object_repr` VARCHAR(200) NOT NULL,
  `action_flag` TEXT NOT NULL,
  `change_message` TEXT NOT NULL,
  `content_type_id` INT,
  `user_id` INT NOT NULL,
  `action_time` DATETIME NOT NULL,
  KEY `django_admin_log_user_id_c564eba6` (`user_id`),
  KEY `django_admin_log_content_type_id_c4bce8eb` (`content_type_id`)
) ENGINE=InnoDB DEFAULT CHARSET=utf8mb4 COLLATE=utf8mb4_unicode_ci;


DROP TABLE IF EXISTS `django_session`;
CREATE TABLE `django_session` (
  `session_key` VARCHAR(40) NOT NULL,
  `session_data` TEXT NOT NULL,
  `expire_date` DATETIME NOT NULL,
  KEY `django_session_expire_date_a5c62663` (`expire_date`),
  UNIQUE KEY `sqlite_autoindex_django_session_1` (`session_key`)
) ENGINE=InnoDB DEFAULT CHARSET=utf8mb4 COLLATE=utf8mb4_unicode_ci;


DROP TABLE IF EXISTS `attendance_attendancerecord`;
CREATE TABLE `attendance_attendancerecord` (
  `id` INT NOT NULL AUTO_INCREMENT,
  `timestamp` DATETIME NOT NULL,
  `date` DATE NOT NULL,
  `confidence` DOUBLE NOT NULL,
  `notes` TEXT NOT NULL,
  `person_id` TEXT NOT NULL,
  KEY `attendance_attendancerecord_person_id_f3ee39d2` (`person_id`),
  UNIQUE KEY `attendance_attendancerecord_person_id_date_2ba89fe7_uniq` (`person_id`, `date`)
) ENGINE=InnoDB DEFAULT CHARSET=utf8mb4 COLLATE=utf8mb4_unicode_ci;


DROP TABLE IF EXISTS `attendance_course`;
CREATE TABLE `attendance_course` (
  `id` INT NOT NULL AUTO_INCREMENT,
  `nombre` VARCHAR(100) NOT NULL,
  `descripcion` TEXT NOT NULL,
  `aula` VARCHAR(20) NOT NULL,
  `sesion` VARCHAR(50) NOT NULL,
  `profesor` VARCHAR(100) NOT NULL,
  `horario` VARCHAR(100) NOT NULL,
  `is_active` TEXT NOT NULL,
  `created_at` DATETIME NOT NULL,
  `updated_at` DATETIME NOT NULL,
  `codigo` VARCHAR(20),
  UNIQUE KEY `sqlite_autoindex_attendance_course_2` (`codigo`),
  UNIQUE KEY `sqlite_autoindex_attendance_course_1` (`nombre`)
) ENGINE=InnoDB DEFAULT CHARSET=utf8mb4 COLLATE=utf8mb4_unicode_ci;


DROP TABLE IF EXISTS `attendance_participationrecord`;
CREATE TABLE `attendance_participationrecord` (
  `id` INT NOT NULL AUTO_INCREMENT,
  `timestamp` DATETIME NOT NULL,
  `date` DATE NOT NULL,
  `participation_type` VARCHAR(20) NOT NULL,
  `confidence` DOUBLE NOT NULL,
  `notes` TEXT NOT NULL,
  `person_id` TEXT NOT NULL,
  KEY `attendance_participationrecord_person_id_c244c42f` (`person_id`)
) ENGINE=InnoDB DEFAULT CHARSET=utf8mb4 COLLATE=utf8mb4_unicode_ci;


DROP TABLE IF EXISTS `attendance_person`;
CREATE TABLE `attendance_person` (
  `id` INT NOT NULL AUTO_INCREMENT,
  `email` VARCHAR(254) NOT NULL,
  `created_at` DATETIME NOT NULL,
  `is_active` TEXT NOT NULL,
  `nombres` VARCHAR(100) NOT NULL,
  `apellidos` VARCHAR(100) NOT NULL,
  `curso` VARCHAR(50) NOT NULL,
  `aula` VARCHAR(20) NOT NULL,
  `cedula` VARCHAR(20),
  `fecha_nacimiento` DATE,
  `direccion` TEXT,
  `updated_at` DATETIME NOT NULL,
  UNIQUE KEY `sqlite_autoindex_attendance_person_2` (`cedula`),
  UNIQUE KEY `sqlite_autoindex_attendance_person_1` (`email`)
) ENGINE=InnoDB DEFAULT CHARSET=utf8mb4 COLLATE=utf8mb4_unicode_ci;


DROP TABLE IF EXISTS `attendance_personimage`;
CREATE TABLE `attendance_personimage` (
  `id` INT NOT NULL AUTO_INCREMENT,
  `image` VARCHAR(100) NOT NULL,
  `encoding` TEXT NOT NULL,
  `uploaded_at` DATETIME NOT NULL,
  `is_primary` TEXT NOT NULL,
  `person_id` TEXT NOT NULL,
  KEY `attendance_personimage_person_id_8c37a961` (`person_id`)
) ENGINE=InnoDB DEFAULT CHARSET=utf8mb4 COLLATE=utf8mb4_unicode_ci;


DROP TABLE IF EXISTS `attendance_session`;
CREATE TABLE `attendance_session` (
  `id` INT NOT NULL AUTO_INCREMENT,
  `name` VARCHAR(200) NOT NULL,
  `date` DATE NOT NULL,
  `start_time` TIME NOT NULL,
  `end_time` TIME,
  `is_active` TEXT NOT NULL,
  `created_at` DATETIME NOT NULL,
  `created_by_id` INT NOT NULL,
  KEY `attendance_session_created_by_id_aa79d5a0` (`created_by_id`)
) ENGINE=InnoDB DEFAULT CHARSET=utf8mb4 COLLATE=utf8mb4_unicode_ci;


DROP TABLE IF EXISTS `sqlite_sequence`;
CREATE TABLE `sqlite_sequence` (
  `name` TEXT,
  `seq` TEXT
) ENGINE=InnoDB DEFAULT CHARSET=utf8mb4 COLLATE=utf8mb4_unicode_ci;


-- Datos para la tabla django_migrations
SET FOREIGN_KEY_CHECKS = 0;
INSERT INTO `django_migrations` (`id`, `app`, `name`, `applied`) VALUES
(1, 'contenttypes', '0001_initial', '2025-11-06 04:28:48.875963'),
(2, 'auth', '0001_initial', '2025-11-06 04:28:48.897209'),
(3, 'admin', '0001_initial', '2025-11-06 04:28:48.918043'),
(4, 'admin', '0002_logentry_remove_auto_add', '2025-11-06 04:28:48.933999'),
(5, 'admin', '0003_logentry_add_action_flag_choices', '2025-11-06 04:28:48.944971'),
(6, 'attendance', '0001_initial', '2025-11-06 04:28:48.973893'),
(7, 'contenttypes', '0002_remove_content_type_name', '2025-11-06 04:28:48.999824'),
(8, 'auth', '0002_alter_permission_name_max_length', '2025-11-06 04:28:49.016806'),
(9, 'auth', '0003_alter_user_email_max_length', '2025-11-06 04:28:49.033748'),
(10, 'auth', '0004_alter_user_username_opts', '2025-11-06 04:28:49.046372'),
(11, 'auth', '0005_alter_user_last_login_null', '2025-11-06 04:28:49.062486'),
(12, 'auth', '0006_require_contenttypes_0002', '2025-11-06 04:28:49.068125'),
(13, 'auth', '0007_alter_validators_add_error_messages', '2025-11-06 04:28:49.079095'),
(14, 'auth', '0008_alter_user_username_max_length', '2025-11-06 04:28:49.095602'),
(15, 'auth', '0009_alter_user_last_name_max_length', '2025-11-06 04:28:49.110891'),
(16, 'auth', '0010_alter_group_name_max_length', '2025-11-06 04:28:49.125368'),
(17, 'auth', '0011_update_proxy_permissions', '2025-11-06 04:28:49.139578'),
(18, 'auth', '0012_alter_user_first_name_max_length', '2025-11-06 04:28:49.154600'),
(19, 'sessions', '0001_initial', '2025-11-06 04:28:49.167392'),
(20, 'attendance', '0002_person_update_fields', '2025-11-08 16:24:49.135765'),
(21, 'attendance', '0003_remove_person_name', '2025-11-08 16:25:24.969944'),
(22, 'attendance', '0004_course', '2025-11-08 22:39:53.516324'),
(23, 'attendance', '0005_alter_course_codigo', '2025-11-09 06:30:59.402364'),
(24, 'attendance', '0006_alter_course_codigo', '2025-11-09 06:30:59.416324'),
(25, 'attendance', '0007_alter_course_aula_alter_course_horario', '2025-11-09 17:06:34.477547'),
(26, 'attendance', '0008_remove_person_telefono', '2025-11-09 19:59:42.850018');

SET FOREIGN_KEY_CHECKS = 1;


-- Datos para la tabla django_content_type
SET FOREIGN_KEY_CHECKS = 0;
INSERT INTO `django_content_type` (`id`, `app_label`, `model`) VALUES
(1, 'admin', 'logentry'),
(2, 'auth', 'permission'),
(3, 'auth', 'group'),
(4, 'auth', 'user'),
(5, 'contenttypes', 'contenttype'),
(6, 'sessions', 'session'),
(7, 'attendance', 'person'),
(8, 'attendance', 'participationrecord'),
(9, 'attendance', 'personimage'),
(10, 'attendance', 'session'),
(11, 'attendance', 'attendancerecord'),
(12, 'attendance', 'course');

SET FOREIGN_KEY_CHECKS = 1;


-- No hay datos en la tabla auth_group


-- Datos para la tabla auth_permission
SET FOREIGN_KEY_CHECKS = 0;
INSERT INTO `auth_permission` (`id`, `content_type_id`, `codename`, `name`) VALUES
(1, 1, 'add_logentry', 'Can add log entry'),
(2, 1, 'change_logentry', 'Can change log entry'),
(3, 1, 'delete_logentry', 'Can delete log entry'),
(4, 1, 'view_logentry', 'Can view log entry'),
(5, 2, 'add_permission', 'Can add permission'),
(6, 2, 'change_permission', 'Can change permission'),
(7, 2, 'delete_permission', 'Can delete permission'),
(8, 2, 'view_permission', 'Can view permission'),
(9, 3, 'add_group', 'Can add group'),
(10, 3, 'change_group', 'Can change group'),
(11, 3, 'delete_group', 'Can delete group'),
(12, 3, 'view_group', 'Can view group'),
(13, 4, 'add_user', 'Can add user'),
(14, 4, 'change_user', 'Can change user'),
(15, 4, 'delete_user', 'Can delete user'),
(16, 4, 'view_user', 'Can view user'),
(17, 5, 'add_contenttype', 'Can add content type'),
(18, 5, 'change_contenttype', 'Can change content type'),
(19, 5, 'delete_contenttype', 'Can delete content type'),
(20, 5, 'view_contenttype', 'Can view content type'),
(21, 6, 'add_session', 'Can add session'),
(22, 6, 'change_session', 'Can change session'),
(23, 6, 'delete_session', 'Can delete session'),
(24, 6, 'view_session', 'Can view session'),
(25, 7, 'add_person', 'Can add person'),
(26, 7, 'change_person', 'Can change person'),
(27, 7, 'delete_person', 'Can delete person'),
(28, 7, 'view_person', 'Can view person'),
(29, 8, 'add_participationrecord', 'Can add participation record'),
(30, 8, 'change_participationrecord', 'Can change participation record'),
(31, 8, 'delete_participationrecord', 'Can delete participation record'),
(32, 8, 'view_participationrecord', 'Can view participation record'),
(33, 9, 'add_personimage', 'Can add person image'),
(34, 9, 'change_personimage', 'Can change person image'),
(35, 9, 'delete_personimage', 'Can delete person image'),
(36, 9, 'view_personimage', 'Can view person image'),
(37, 10, 'add_session', 'Can add session'),
(38, 10, 'change_session', 'Can change session'),
(39, 10, 'delete_session', 'Can delete session'),
(40, 10, 'view_session', 'Can view session'),
(41, 11, 'add_attendancerecord', 'Can add attendance record'),
(42, 11, 'change_attendancerecord', 'Can change attendance record'),
(43, 11, 'delete_attendancerecord', 'Can delete attendance record'),
(44, 11, 'view_attendancerecord', 'Can view attendance record'),
(45, 12, 'add_course', 'Can add Curso'),
(46, 12, 'change_course', 'Can change Curso'),
(47, 12, 'delete_course', 'Can delete Curso'),
(48, 12, 'view_course', 'Can view Curso');

SET FOREIGN_KEY_CHECKS = 1;


-- Datos para la tabla auth_user
SET FOREIGN_KEY_CHECKS = 0;
INSERT INTO `auth_user` (`id`, `password`, `last_login`, `is_superuser`, `username`, `last_name`, `email`, `is_staff`, `is_active`, `date_joined`, `first_name`) VALUES
(1, 'pbkdf2_sha256$1000000$uY3mVPerQGTCBMs977W6a6$ZuJt6okATwBa5cUmEEcb978PUWrZVqw9tfiQYHuIO+k=', '2025-11-09 21:47:10.234533', 1, 'admin', '', 'admin@example.com', 1, 1, '2025-11-06 04:29:56.478076', '');

SET FOREIGN_KEY_CHECKS = 1;


-- No hay datos en la tabla auth_group_permissions


-- No hay datos en la tabla auth_user_groups


-- No hay datos en la tabla auth_user_user_permissions


-- No hay datos en la tabla django_admin_log


-- Datos para la tabla django_session
SET FOREIGN_KEY_CHECKS = 0;
INSERT INTO `django_session` (`session_key`, `session_data`, `expire_date`) VALUES
('91ukeedkcpx049lvnd2qdg1dhssuekim', '.eJxVjEEOwiAQRe_C2hCBgRaX7nsGMjOAVA0kpV0Z765NutDtf-_9lwi4rSVsPS1hjuIilDj9boT8SHUH8Y711iS3ui4zyV2RB-1yajE9r4f7d1Cwl2_NYJi9Ya3OqJKG7MiCBY0DaYg2ZYvROTZ5JM-DJjDotRtdVjn6zEq8P-d2ODA:1vHwRQ:tpweopINTf74WLlkCtAS8RU_SaUATfi_MZMo4kVPk_s', '2025-11-23 03:50:12.775330'),
('6qp35zfch9ob3syhiv6ef0zhd9xv2t6m', '.eJxVjEEOwiAQRe_C2hCBgRaX7nsGMjOAVA0kpV0Z765NutDtf-_9lwi4rSVsPS1hjuIilDj9boT8SHUH8Y711iS3ui4zyV2RB-1yajE9r4f7d1Cwl2_NYJi9Ya3OqJKG7MiCBY0DaYg2ZYvROTZ5JM-DJjDotRtdVjn6zEq8P-d2ODA:1vIBPU:NKxkT2bpsmoEPfSNNNwwd7fP2zZemsjl5E0suws-ZEM', '2025-11-23 19:49:12.337239'),
('arxb7bvv8vu7kh7u2ezdu1ajy15ex3hg', '.eJxVjEEOwiAQRe_C2hCBgRaX7nsGMjOAVA0kpV0Z765NutDtf-_9lwi4rSVsPS1hjuIilDj9boT8SHUH8Y711iS3ui4zyV2RB-1yajE9r4f7d1Cwl2_NYJi9Ya3OqJKG7MiCBY0DaYg2ZYvROTZ5JM-DJjDotRtdVjn6zEq8P-d2ODA:1vIDFc:ZGWq_GdicfNkFHINzsrFuDz9oub3p0xmlEoK6Q4efU0', '2025-11-23 21:47:08.612565');

SET FOREIGN_KEY_CHECKS = 1;


-- Datos para la tabla attendance_attendancerecord
SET FOREIGN_KEY_CHECKS = 0;
INSERT INTO `attendance_attendancerecord` (`id`, `timestamp`, `date`, `confidence`, `notes`, `person_id`) VALUES
(1, '2025-11-07 02:57:00.142469', '2025-11-06', 0.6088143718739032, '', 1),
(2, '2025-11-07 03:01:22.451848', '2025-11-06', 0.7268329871233541, '', 4),
(4, '2025-11-08 16:58:23.211858', '2025-11-08', 0.6634706719575313, '', 1),
(5, '2025-11-08 17:16:02.184179', '2025-11-08', 0.5916567209697949, '', 5),
(6, '2025-11-08 17:23:00.186830', '2025-11-08', 0.5467209735449348, '', 4),
(9, '2025-11-09 16:54:44.870931', '2025-11-09', 0.6571194334901118, '', 1),
(10, '2025-11-09 20:07:58.230410', '2025-11-09', 0.6941206254759251, '', 4),
(11, '2025-11-09 20:08:11.219206', '2025-11-09', 0.5188016890086083, '', 5),
(13, '2025-11-09 20:29:10.374918', '2025-11-09', 0.5437791373843165, '', 7);

SET FOREIGN_KEY_CHECKS = 1;


-- Datos para la tabla attendance_course
SET FOREIGN_KEY_CHECKS = 0;
INSERT INTO `attendance_course` (`id`, `nombre`, `descripcion`, `aula`, `sesion`, `profesor`, `horario`, `is_active`, `created_at`, `updated_at`, `codigo`) VALUES
(1, 'Matemáticas Avanzadas', 'Curso de cálculo diferencial e integral para estudiantes de primer año', 'AULA-MAGNA', '2', 'Dr. Juan Pérez', '10:00-12:00', 1, '2025-11-08 22:42:10.501909', '2025-11-09 19:30:51.988421', 'MAT-101'),
(2, 'Física Básica', 'Fundamentos de mecánica y termodinámica', 'LAB-1', '1', 'Ing. María García', '08:00-10:00', 1, '2025-11-08 22:42:10.509884', '2025-11-09 19:30:36.043579', 'FIS-102'),
(3, 'Programación Python', 'Introducción a la programación usando Python', 'A-101', '3', 'MSc. Carlos López', '16:00-18:00', 1, '2025-11-08 22:42:10.515847', '2025-11-09 19:30:55.357352', 'INF-201'),
(4, 'Construccion de Software', 'Aqui se construye software', 'LAB-1', '2', 'Ing. Josue Guevara', '18:00-20:00', 1, '2025-11-09 19:50:41.201170', '2025-11-09 19:50:41.201170', NULL);

SET FOREIGN_KEY_CHECKS = 1;


-- Datos para la tabla attendance_participationrecord
SET FOREIGN_KEY_CHECKS = 0;
INSERT INTO `attendance_participationrecord` (`id`, `timestamp`, `date`, `participation_type`, `confidence`, `notes`, `person_id`) VALUES
(1, '2025-11-07 03:01:29.489568', '2025-11-06', 'hand_raised', 0.95, '', 4),
(2, '2025-11-07 03:01:46.469551', '2025-11-06', 'hand_raised', 0.95, '', 1),
(3, '2025-11-08 16:58:36.158582', '2025-11-08', 'hand_raised', 0.95, '', 1),
(4, '2025-11-08 17:22:42.655616', '2025-11-08', 'hand_raised', 0.95, '', 1),
(5, '2025-11-08 17:23:57.096671', '2025-11-08', 'hand_raised', 0.95, '', 1),
(6, '2025-11-08 17:25:58.599142', '2025-11-08', 'hand_raised', 0.95, '', 1),
(7, '2025-11-08 17:26:34.546068', '2025-11-08', 'hand_raised', 0.95, '', 1),
(8, '2025-11-08 21:16:49.281594', '2025-11-08', 'hand_raised', 0.95, '', 1),
(9, '2025-11-08 21:45:48.900585', '2025-11-08', 'hand_raised', 0.95, '', 1),
(10, '2025-11-09 16:54:47.039480', '2025-11-09', 'hand_raised', 0.95, '', 1),
(11, '2025-11-09 17:18:18.605736', '2025-11-09', 'hand_raised', 0.95, '', 1),
(12, '2025-11-09 19:12:09.108665', '2025-11-09', 'hand_raised', 0.95, '', 1),
(13, '2025-11-09 20:07:58.238391', '2025-11-09', 'hand_raised', 0.95, '', 4),
(14, '2025-11-09 20:13:42.697551', '2025-11-09', 'hand_raised', 0.95, '', 1),
(15, '2025-11-09 20:14:27.619326', '2025-11-09', 'hand_raised', 0.95, '', 1),
(16, '2025-11-09 20:15:02.821193', '2025-11-09', 'hand_raised', 0.95, '', 1),
(17, '2025-11-09 20:28:39.006198', '2025-11-09', 'hand_raised', 0.95, '', 1),
(18, '2025-11-09 20:29:52.004215', '2025-11-09', 'hand_raised', 0.95, '', 1),
(19, '2025-11-09 20:30:22.401795', '2025-11-09', 'hand_raised', 0.95, '', 1),
(20, '2025-11-09 20:34:55.055232', '2025-11-09', 'hand_raised', 0.95, '', 1);

SET FOREIGN_KEY_CHECKS = 1;


-- Datos para la tabla attendance_person
SET FOREIGN_KEY_CHECKS = 0;
INSERT INTO `attendance_person` (`id`, `email`, `created_at`, `is_active`, `nombres`, `apellidos`, `curso`, `aula`, `cedula`, `fecha_nacimiento`, `direccion`, `updated_at`) VALUES
(1, 'apesantezs@unemi.edu.ec', '2025-11-07 02:44:54.351037', 1, 'Ariel Fabricio', 'Pesantez Sanchez', 'Programación Python', 'A-101', '0925317141', '2003-07-25', 'ciudadela San Francisco calle costa rica y ecuador', '2025-11-09 17:10:04.699599'),
(4, 'layla.veliz@estudiante.edu.ec', '2025-11-07 02:45:01.918910', 1, 'Layla Jacqueline', 'Véliz Bajaña', 'Matemáticas Avanzadas', 'B-101', '0925317472', NULL, 'Roberto Astudillo', '2025-11-09 17:12:43.104981'),
(5, 'jramoso2@unemi.edu.ec', '2025-11-08 16:56:19.025608', 1, 'Joseph Ivan', 'Ramos Ochoa', 'Matemáticas Avanzadas', 'A-101', '0950130161', '2005-06-23', 'costa rica 232', '2025-11-09 17:01:05.808578'),
(7, 'alexander15@unemi.edu.ec', '2025-11-09 20:13:05.684862', 1, 'Jose Alexander', 'Herrera Rodriguez', 'Matemáticas Avanzadas', '', '0934278191', NULL, NULL, '2025-11-09 20:13:05.684862');

SET FOREIGN_KEY_CHECKS = 1;


-- Datos para la tabla attendance_personimage
SET FOREIGN_KEY_CHECKS = 0;
INSERT INTO `attendance_personimage` (`id`, `image`, `encoding`, `uploaded_at`, `is_primary`, `person_id`) VALUES
(7, 'person_images/Arielazo Pesántez/person_images/Ariel_Pesantez/Ariel1_400x400_400x400.jpg', '[-0.1239100769162178, 0.07759614288806915, -0.029023628681898117, -0.07289053499698639, -0.09412247687578201, 0.04223427176475525, -0.03821555897593498, -0.10113874077796936, 0.19880439341068268, -0.1465660035610199, 0.15367867052555084, 0.07747132331132889, -0.16248896718025208, -0.018194351345300674, -0.07910158485174179, 0.09681233018636703, -0.2025928795337677, -0.1018572598695755, -0.0340350866317749, -0.02319360338151455, 0.02806941047310829, 0.04506565257906914, 0.020822523161768913, 0.07365315407514572, -0.12343787401914597, -0.3468617796897888, -0.08287158608436584, -0.14720577001571655, 0.042162567377090454, 0.003348295809701085, 0.004929502494633198, -0.0351530946791172, -0.12394742667675018, 0.03530464321374893, -0.013577975332736969, 0.047072362154722214, -0.002703180303797126, 0.028476841747760773, 0.17488215863704681, 0.018098101019859314, -0.2718246579170227, 0.029113806784152985, 0.023821940645575523, 0.26991868019104004, 0.22866402566432953, 0.0908438041806221, 0.029792986810207367, -0.07342062145471573, 0.13703475892543793, -0.23299618065357208, 0.04549238830804825, 0.10933011025190353, 0.06077995523810387, -0.020398303866386414, 0.04720086604356766, -0.15738821029663086, -0.0009906347841024399, 0.10180369019508362, -0.13576191663742065, 0.07138843089342117, 0.03670228645205498, -0.029877273365855217, 0.046875204890966415, 0.05896058306097984, 0.2247011363506317, 0.08491074293851852, -0.13120990991592407, -0.1412992775440216, 0.14447510242462158, -0.26082897186279297, -0.050448570400476456, 0.0931989923119545, -0.09309718757867813, -0.22463387250900269, -0.24588610231876373, 0.018442459404468536, 0.47880110144615173, 0.21178390085697174, -0.09153969585895538, 0.0342225581407547, -0.09868574887514114, -0.0010230331681668758, 0.17643162608146667, 0.10197901725769043, -0.07265124469995499, -0.05081354081630707, -0.12009742856025696, -0.01947709359228611, 0.2767808735370636, 0.006964917294681072, -0.05981975421309471, 0.21691063046455383, -0.003764444962143898, 0.04600430652499199, -0.025665834546089172, 0.075423464179039, -0.12113764882087708, 0.055797312408685684, -0.09324344247579575, -0.028157401829957962, 0.053045131266117096, -0.008274913765490055, 0.04355701804161072, 0.12650229036808014, -0.227261483669281, 0.1764298528432846, -0.05539175495505333, 0.005396141670644283, 0.03807683289051056, 0.06413429230451584, -0.10238904505968094, -0.0013499327469617128, 0.17871731519699097, -0.19979599118232727, 0.22638916969299316, 0.1933821439743042, 0.05684902146458626, 0.15809395909309387, 0.13147152960300446, -0.013433296233415604, 0.008182940073311329, -0.04044131189584732, -0.21146288514137268, -0.07104850560426712, 0.031712375581264496, -0.11804525554180145, 0.14584946632385254, -0.002581943292170763]', '2025-11-07 02:45:43.593277', 0, 1),
(8, 'person_images/Arielazo Pesántez/person_images/Ariel_Pesantez/Ariel2_400x400_400x400.jpg', '[-0.11487247049808502, 0.0661674365401268, -0.011024304665625095, -0.06858137995004654, -0.084099180996418, 0.03655260056257248, -0.07078933715820312, -0.05945202708244324, 0.1973535716533661, -0.12742505967617035, 0.17609603703022003, 0.0333281084895134, -0.1791764199733734, -0.027107935398817062, -0.050132110714912415, 0.08918594568967819, -0.17962369322776794, -0.09624476730823517, -0.027371466159820557, -0.03769443929195404, 0.0648120567202568, 0.025736356154084206, 0.009303348138928413, 0.06583483517169952, -0.17465490102767944, -0.3284950256347656, -0.09094732999801636, -0.13778111338615417, 0.030782481655478477, -0.004627980757504702, -0.01108643040060997, -0.0793013870716095, -0.11861487478017807, 0.019330639392137527, -0.024858534336090088, 0.03851749375462532, -0.02621939405798912, 0.01668635383248329, 0.1719921976327896, -0.007453815080225468, -0.27143245935440063, -0.0161018967628479, 0.03506476432085037, 0.21961373090744019, 0.22964470088481903, 0.09169068932533264, 0.03518151864409447, -0.10225839167833328, 0.08205356448888779, -0.17764051258563995, 0.02625425159931183, 0.16886764764785767, 0.06574725359678268, 0.026929039508104324, 0.04783061891794205, -0.12423719465732574, -0.02071928046643734, 0.1776428073644638, -0.11086323112249374, 0.05700619891285896, 0.02861398085951805, -0.03685104101896286, 0.017031660303473473, 0.005262989085167646, 0.23792336881160736, 0.04072658345103264, -0.18737204372882843, -0.12320674955844879, 0.13783885538578033, -0.20368877053260803, -0.08688642829656601, 0.08907030522823334, -0.08451894670724869, -0.26193544268608093, -0.2696565091609955, 0.03150831535458565, 0.4304043650627136, 0.1996244192123413, -0.13739977777004242, 0.0690111368894577, -0.09772494435310364, -0.010123040527105331, 0.14402152597904205, 0.1421496868133545, -0.05700734257698059, -0.01608145982027054, -0.09768090397119522, -0.021632179617881775, 0.19532470405101776, -0.010446587577462196, 0.01290671806782484, 0.19882504642009735, -0.018279533833265305, 0.06585608422756195, -0.030063897371292114, 0.13079318404197693, -0.1558915376663208, 0.06873362511396408, -0.06616669148206711, -0.040889672935009, 0.10891846567392349, -0.004958168603479862, 0.069211445748806, 0.09939321130514145, -0.19271695613861084, 0.19795340299606323, -0.01835215836763382, 0.014343374408781528, 0.05016681179404259, 0.04178106039762497, -0.04415951296687126, -0.01668507419526577, 0.17677457630634308, -0.23629595339298248, 0.18223024904727936, 0.17894980311393738, 0.0270733330398798, 0.1854492574930191, 0.16588714718818665, 0.0489753857254982, -0.013493416830897331, -0.04464579373598099, -0.23641911149024963, -0.041514165699481964, 0.0012168502435088158, -0.09828998148441315, 0.14651226997375488, 0.012147956527769566]', '2025-11-07 02:45:44.758919', 0, 1),
(11, 'person_images/Layla Véliz/person_images/Layla_Veliz/layla1_400x400_400x400.jpg', '[-0.05216824635863304, 0.007452419027686119, -0.005769937299191952, -0.015472291968762875, -0.12919318675994873, 0.005014187656342983, 0.007141829468309879, -0.1342676281929016, 0.19607411324977875, -0.23408325016498566, 0.17516209185123444, -0.09142502397298813, -0.14723148941993713, 0.02988431788980961, -0.04251078888773918, 0.21482084691524506, -0.1264805793762207, -0.15079599618911743, -0.05684356763958931, -0.03706194832921028, 0.015187747776508331, 0.043883539736270905, -0.05800091102719307, 0.055222608149051666, -0.1362045556306839, -0.3024370074272156, -0.09946819394826889, -0.04274153709411621, 0.012428812682628632, -0.07832583039999008, -0.07095684111118317, 0.14591284096240997, -0.1072075292468071, -0.01727254129946232, 0.038500625640153885, 0.11470718681812286, -0.006885521113872528, -0.08794085681438446, 0.1704060137271881, 0.0392451286315918, -0.2667546272277832, -0.028463806957006454, 0.0663771703839302, 0.26615363359451294, 0.10734519362449646, 0.022703062742948532, -0.00901021994650364, -0.17149902880191803, 0.14176636934280396, -0.2391415238380432, 0.012040916830301285, 0.046566884964704514, 0.06636148691177368, 0.06540713459253311, 0.0062286583706736565, -0.15811577439308167, 0.016409777104854584, 0.10386096686124802, -0.15904909372329712, -0.007782531902194023, 0.02974114567041397, -0.011529585346579552, 0.02172326110303402, -0.07966946810483932, 0.29072943329811096, 0.16669011116027832, -0.0880989357829094, -0.07880167663097382, 0.20348243415355682, -0.18558597564697266, -0.1117761880159378, -0.0024897358380258083, -0.07857640832662582, -0.19947226345539093, -0.2794109284877777, -0.05592331290245056, 0.4524308145046234, 0.12571853399276733, -0.1967865377664566, 0.02423969842493534, -0.004003848880529404, -0.029410680755972862, 0.19767868518829346, 0.1906907707452774, -0.04060663282871246, 0.013408651575446129, -0.013626325875520706, -0.025739453732967377, 0.3288456201553345, -0.04760967567563057, -0.04085564613342285, 0.17908915877342224, 0.03191899508237839, 0.05097294598817825, 0.053629036992788315, 0.01906438171863556, -0.05544085428118706, 0.009309250861406326, -0.167436882853508, -0.04491749405860901, -0.0056780315935611725, -0.021052062511444092, -0.01823095791041851, 0.1854788064956665, -0.21075539290905, 0.21601560711860657, 0.02800123766064644, -0.04098346829414368, 0.06423928588628769, 0.0636754110455513, -0.05882393941283226, -0.06416181474924088, 0.14622966945171356, -0.21019677817821503, 0.09579645842313766, 0.14827309548854828, 0.013669253326952457, 0.1872260421514511, 0.05569158121943474, 0.12577034533023834, 0.0010354556143283844, -0.01766291633248329, -0.23564821481704712, -0.025011809542775154, 0.1332072764635086, -0.0643944963812828, 0.027693215757608414, 0.022232869639992714]', '2025-11-07 02:45:52.230579', 0, 4),
(12, 'person_images/Layla Véliz/person_images/Layla_Veliz/layla2_400x400_400x400.jpg', '[-0.07429724931716919, -0.028600800782442093, 0.04400894418358803, 0.04773678630590439, -0.14732202887535095, -0.007616762071847916, -0.03512853756546974, -0.14581012725830078, 0.13852554559707642, -0.16329142451286316, 0.1864648461341858, -0.070674367249012, -0.13805235922336578, -0.0038816225714981556, -0.07991831004619598, 0.20221005380153656, -0.0929156020283699, -0.1534051150083542, -0.012060717679560184, -0.030430860817432404, 0.04470997676253319, 0.0042469557374715805, -0.053580593317747116, 0.049883659929037094, -0.1559670865535736, -0.32429245114326477, -0.060565002262592316, -0.059952981770038605, -0.0032695913687348366, -0.09010543674230576, -0.09389472752809525, 0.11151350289583206, -0.1848623901605606, -0.04540073871612549, 0.06516408175230026, 0.11569447070360184, -0.008105064742267132, -0.028059978038072586, 0.13727489113807678, -0.0010710489004850388, -0.26883870363235474, -0.03307846188545227, 0.08633002638816833, 0.1879192590713501, 0.13066141307353973, 0.07765120267868042, -0.02030918374657631, -0.19003251194953918, 0.12975700199604034, -0.23052644729614258, 0.018407484516501427, 0.034693680703639984, 0.0678505077958107, 0.03885113075375557, -0.018306754529476166, -0.1607743799686432, -0.01558636873960495, 0.12027084827423096, -0.14221133291721344, 0.0389886200428009, 0.034132204949855804, -0.0968421995639801, -0.018208544701337814, -0.08464395999908447, 0.24951304495334625, 0.08866583555936813, -0.07030131667852402, -0.0680861845612526, 0.2003551870584488, -0.1635199636220932, -0.0487796813249588, 0.04996158182621002, -0.016143811866641045, -0.22536073625087738, -0.27911126613616943, -0.038203105330467224, 0.4650982916355133, 0.1062920093536377, -0.19966170191764832, 0.014798196032643318, -0.023874850943684578, 0.00799255259335041, 0.16748161613941193, 0.1148487776517868, 0.0023484043776988983, -0.006191466934978962, -0.039437562227249146, -0.03407873585820198, 0.30618754029273987, -0.031494513154029846, 0.037130340933799744, 0.17302213609218597, -0.023443609476089478, 0.0803312361240387, 0.042917001992464066, 0.05126328021287918, -0.09287568926811218, 0.02834482491016388, -0.1437757909297943, -0.08012832701206207, -0.017645912244915962, -0.006072538904845715, 0.040339890867471695, 0.137120321393013, -0.2045615017414093, 0.1484023630619049, -0.011834300123155117, -0.02752646431326866, 0.09247375279664993, 0.017901165410876274, -0.052473679184913635, -0.0788111537694931, 0.1317184418439865, -0.23691721260547638, 0.13566289842128754, 0.1442715972661972, 0.026010800153017044, 0.190408393740654, 0.0572836808860302, 0.09992516040802002, -0.017599385231733322, -0.06860467046499252, -0.24747474491596222, 0.002637453144416213, 0.13561198115348816, -0.11974834650754929, 0.035020314157009125, -0.009802751243114471]', '2025-11-07 02:45:55.835896', 0, 4),
(13, 'person_images/Joseph Ivan Ramos Ochoa/person_images/Joseph Ivan Ramos Ochoa/Joseph_400x4_NiN96pm.jpg', '[-0.1223142221570015, 0.051648177206516266, -0.0270230770111084, -0.10356895625591278, -0.08399643748998642, 0.013280155137181282, -0.06430993229150772, -0.07928827404975891, 0.16356591880321503, -0.12712278962135315, 0.2255057394504547, -0.02233325131237507, -0.25046873092651367, -0.09184229373931885, -0.07731713354587555, 0.11180173605680466, -0.18314051628112793, -0.2019834965467453, 0.03837402164936066, -0.0904298648238182, 0.08979036659002304, -0.016685109585523605, -0.026882950216531754, 0.06127052754163742, -0.10576695948839188, -0.2055027037858963, -0.06629481166601181, -0.1276831328868866, 0.06668982654809952, -0.14353977143764496, 0.0012446697801351547, -0.06998404115438461, -0.16470833122730255, -0.005009111016988754, -0.00978863425552845, 0.09147894382476807, -0.030557867139577866, -0.10558735579252243, 0.19252434372901917, -0.010226435959339142, -0.13938762247562408, -0.08610463887453079, -0.06260708719491959, 0.21818625926971436, 0.12753330171108246, 0.012022382579743862, -0.03968675062060356, -0.12319856882095337, 0.14368237555027008, -0.22572849690914154, 0.03964873403310776, 0.17103463411331177, 0.15746188163757324, 0.00855309795588255, 0.006304014939814806, -0.15740826725959778, 0.052477430552244186, 0.2062980979681015, -0.24746073782444, 0.05644063651561737, -0.059709515422582626, -0.054947178810834885, 0.01930214650928974, -0.016447778791189194, 0.19786283373832703, 0.08633542060852051, -0.12017086893320084, -0.1592714637517929, 0.17979709804058075, -0.12634596228599548, -0.07835203409194946, 0.12975437939167023, -0.07091029733419418, -0.2665044665336609, -0.20260219275951385, 0.024342549964785576, 0.3790688216686249, 0.14819657802581787, -0.16389985382556915, 0.0652407556772232, -0.031875308603048325, -0.07699364423751831, 0.08258489519357681, 0.10506933182477951, -0.09125666320323944, 0.009279195219278336, -0.152566596865654, -0.0016938038170337677, 0.15857121348381042, -0.05515238642692566, -0.0720185711979866, 0.17961585521697998, -0.046707507222890854, 0.10252024233341217, 0.046240221709012985, 0.07231511175632477, -0.08609643578529358, 0.08036566525697708, -0.053954269737005234, -0.08503612875938416, 0.08488554507493973, -0.04055912792682648, -0.009358542971313, 0.09326125681400299, -0.08685413748025894, 0.09802490472793579, -0.02333712764084339, -0.03331058844923973, -0.08707794547080994, -0.08687740564346313, -0.04767148941755295, -0.010416248813271523, 0.15441864728927612, -0.27381935715675354, 0.18624459207057953, 0.17731843888759613, 0.05368152633309364, 0.18659159541130066, 0.10299469530582428, -0.016317259520292282, 0.058262988924980164, -0.12882615625858307, -0.20344729721546173, -0.027356943115592003, 0.04642485827207565, -0.03308360278606415, 0.09698104113340378, -0.004204265307635069]', '2025-11-08 16:56:19.067469', 1, 5),
(16, 'person_images/Jose Alexander Herrera Rodriguez/WhatsApp_Image_2025-11-09_at_3.11.54_PM_400x400.jpg', '[-0.09072671085596085, 6.353668868541718e-05, -0.012689495459198952, -0.03949819877743721, -0.04301134869456291, -0.02383527159690857, -0.035169120877981186, -0.17615732550621033, 0.1792413741350174, -0.11025930196046829, 0.24770520627498627, 0.01660267636179924, -0.19869136810302734, -0.07887696474790573, -0.021708540618419647, 0.15982560813426971, -0.2003200650215149, -0.08837712556123734, -0.07005435973405838, -0.09114281833171844, -0.018534205853939056, -0.029438136145472527, 0.060648899525403976, 0.08973141759634018, -0.12584131956100464, -0.3197840452194214, -0.12167786806821823, -0.14267323911190033, -0.0006276983767747879, -0.01564820110797882, -0.01887373998761177, 0.005828519351780415, -0.1270817667245865, -0.03173035383224487, 0.0708179622888565, 0.09593720734119415, -0.06450022757053375, -0.06054650992155075, 0.23990455269813538, -0.04072865843772888, -0.1512739211320877, 0.015533825382590294, 0.06252927333116531, 0.23714101314544678, 0.18271969258785248, 0.07401326298713684, 0.031723298132419586, -0.13318054378032684, 0.12726990878582, -0.17167308926582336, 0.13613854348659515, 0.10475599020719528, 0.06362306326627731, 0.03521422669291496, 0.03286365792155266, -0.1801561415195465, -0.009909047745168209, 0.18225213885307312, -0.16403883695602417, 0.0379779152572155, 0.06002305448055267, -0.06362996995449066, -0.048877257853746414, -0.035243771970272064, 0.2253572940826416, 0.17720144987106323, -0.15975439548492432, -0.1232290044426918, 0.15765339136123657, -0.1847669780254364, -0.05062025040388107, -0.010934262536466122, -0.17795905470848083, -0.23753826320171356, -0.31322479248046875, 0.044053710997104645, 0.42050039768218994, 0.14372892677783966, -0.15279804170131683, -0.027080092579126358, 0.004397870507091284, -0.01180398091673851, 0.12995456159114838, 0.15223804116249084, -0.07212451845407486, -0.0520334430038929, -0.045562341809272766, 0.017799030989408493, 0.18588081002235413, 0.009546582587063313, -0.06264263391494751, 0.18967294692993164, -0.03233230113983154, 0.03153576701879501, 0.014211660251021385, 0.025931185111403465, -0.080016128718853, 0.018129898235201836, -0.17026738822460175, -0.0044400934129953384, 0.011328399181365967, 0.008772727102041245, 0.04539750888943672, 0.10549530386924744, -0.16399508714675903, 0.12892548739910126, -0.0033853426575660706, -0.04485296085476875, 0.012710962444543839, 0.006720588076859713, -0.12501809000968933, -0.05693488195538521, 0.18024040758609772, -0.20462124049663544, 0.2162453830242157, 0.19117335975170135, 0.13506729900836945, 0.17629806697368622, 0.08389447629451752, 0.06272660195827484, 0.015590855851769447, 0.0015442054718732834, -0.2467135787010193, 0.015660502016544342, 0.056161630898714066, -0.03588588908314705, 0.13232643902301788, 0.01983116939663887]', '2025-11-09 20:13:05.702832', 1, 7);

SET FOREIGN_KEY_CHECKS = 1;


-- No hay datos en la tabla attendance_session


-- Datos para la tabla sqlite_sequence
SET FOREIGN_KEY_CHECKS = 0;
INSERT INTO `sqlite_sequence` (`name`, `seq`) VALUES
('django_migrations', 26),
('django_admin_log', 0),
('django_content_type', 12),
('auth_permission', 48),
('auth_group', 0),
('auth_user', 1),
('attendance_personimage', 17),
('attendance_attendancerecord', 14),
('attendance_participationrecord', 20),
('attendance_person', 8),
('attendance_course', 4);

SET FOREIGN_KEY_CHECKS = 1;



-- =============================================
-- Fin de la migración
-- =============================================
COMMIT;
SET FOREIGN_KEY_CHECKS = 1;
